"Venezia, Brindisi, Mykonos, Pireo (Atene), Spalato, Venezia",633147.00
"Civitavecchia (Roma), Palermo, Ibiza, Valencia, Marsiglia, Genova, Civitavecchia (Roma)",611425.00
"Civitavecchia (Roma), Palma di Maiorca, Barcellona, Cannes, Genova, La Spezia, Civitavecchia (Roma)",600718.00
"Navigazione, Katakolon, Heraklion, Santorini, Bari",572027.00
"Savona, Marsiglia, Barcellona, Palma di Maiorca, Palermo, Civitavecchia (Roma), Savona",559456.00
"Genova, Marsiglia, Malaga, Cadice, Lisbona, Alicante, Port Mahon, Olbia, Genova",532777.00
"Genova, Napoli, Messina, La Valletta, Barcellona, Marsiglia, Genova",524199.00
"Genova, Civitavecchia (Roma), Palermo, Ibiza, Valencia, Marsiglia, Genova",502079.00
"Bari, Katakolon, Heraklion, Santorini, Bari",468325.00
"Venezia, Kotor, Mykonos, Mykonos, Santorini, Bari, Venezia",456177.00
"Napoli, Messina, La Valletta, Barcellona, Marsiglia, Genova, Napoli",452575.00
"Civitavecchia (Roma), Savona, Marsiglia, Barcellona, Palma di Maiorca, Palermo, Civitavecchia (Roma)",409462.00
"Genova, La Spezia, Civitavecchia (Roma), Palma di Maiorca, Barcellona, Cannes, Genova",369976.00
"Genova, Marsiglia, Barcellona, La Goulette, Palermo, Napoli, Genova",345812.00
"Palermo, Ibiza, Valencia, Marsiglia, Genova, Civitavecchia (Roma), Palermo",344603.00
"Doha, Dubai, Dubai, Abu Dhabi, Doha",327413.00
"Savona, Civitavecchia (Roma), Napoli, Ibiza, Valencia, Marsiglia, Savona",300169.00
"Napoli, Genova, Marsiglia, Barcellona, La Goulette, Palermo, Napoli",291774.00
"Dubai, Abu Dhabi, Doha, Dubai, Dubai",269851.00
"Brindisi, Mykonos, Pireo (Atene), Spalato, Venezia, Brindisi",268331.00
"Safaga, Aqaba, Jeddah, Sokhna, Safaga",249146.00
"Messina, La Valletta, Barcellona, Marsiglia, Genova, Napoli, Messina",248912.00
"Palermo, Civitavecchia (Roma), Savona, Marsiglia, Barcellona, Palma di Maiorca, Palermo",231736.00
"Bari, Catania, La Valletta, Mykonos, Santorini, Bari",227951.00
"Catania, La Valletta, Mykonos, Santorini, Bari, Catania",219215.00
"Napoli, Valencia, Barcellona, Genova, Livorno, Napoli",218944.00
"Civitavecchia (Roma), Napoli, Ibiza, Valencia, Marsiglia, Savona, Civitavecchia (Roma)",216261.00
"Genova, La Spezia, Napoli, Palma di Maiorca, Barcellona, Marsiglia, Genova",201470.00
"Napoli, Ibiza, Valencia, Marsiglia, Savona, Civitavecchia (Roma), Napoli",190247.00
"Civitavecchia (Roma), Palermo, La Valletta, Barcellona, Marsiglia, Genova, Civitavecchia (Roma)",188083.00
"Genova, Civitavecchia (Roma), Palermo, La Valletta, Barcellona, Marsiglia, Genova",182198.00
"Genova, Marsiglia, Siracusa, Civitavecchia (Roma), Genova",181989.00
"Napoli, Palma di Maiorca, Barcellona, Marsiglia, Genova, La Spezia, Napoli",181412.00
"Genova, Livorno, Napoli, Valencia, Barcellona, Genova",180222.00
"Bari, Venezia, Kotor, Mykonos, Mykonos, Santorini, Bari",171864.00
"Dubai, Dubai, Abu Dhabi, Doha, Dubai, Dubai",170839.00
"Dubai, Abu Dhabi, Muscat, Khasab,Oman, Dubai, Dubai",167707.00
"Venezia, Brindisi, Mykonos, Pireo (Atene), Zadar, Croatia, Venezia",165816.00
"Civitavecchia (Roma), Genova, Marsiglia, Siracusa, Civitavecchia (Roma)",162091.00
"Napoli, Valencia, Genova, Livorno, Napoli",151621.00
"Palermo, Napoli, Genova, Marsiglia, Barcellona, La Goulette, Palermo",151555.00
"Navigazione, Mykonos, Mykonos, Santorini, Argostoli/Cefalonia, Grecia, Bari",144943.00
"Civitavecchia (Roma), Siracusa, La Valletta, Santorini, Mykonos, Mykonos, Civitavecchia (Roma)",140275.00
"Trieste, Dubrovnik, Kotor, Argostoli/Cefalonia, Grecia, Corfù, Brindisi, Zadar, Croatia, Trieste",139293.00
"Ravenna, Kotor, Corfù, Pireo (Atene), Mykonos, Argostoli/Cefalonia, Grecia, Ravenna",135801.00
"Genova, Livorno, Napoli, Valencia, Genova",130509.00
"Civitavecchia (Roma), Napoli, Livorno, Cannes, Palma di Maiorca, Barcellona, Ajaccio (Corsica), Civitavecchia (Roma)",127655.00
"Trieste, Kotor, Corfù, Santorini, Mykonos, Dubrovnik, Trieste",126516.00
"Siracusa, Civitavecchia (Roma), Genova, Marsiglia, Siracusa",124318.00
"Civitavecchia (Roma), Santorini, Efeso, Mykonos, Napoli, Civitavecchia (Roma)",123758.00
"Bari, Corfù, Kotor, Trieste, Ancona, Kotor, Bari",123326.00
"Olbia, Genova, Marsiglia, Malaga, Cadice, Lisbona, Alicante, Port Mahon, Olbia",122302.00
"Palermo, La Valletta, Barcellona, Marsiglia, Genova, Civitavecchia (Roma), Palermo",109996.00
"Civitavecchia (Roma), Napoli, Barcellona, Palma di Maiorca, Marsiglia, La Spezia, Civitavecchia (Roma)",104594.00
"Miami, Ocho Rios, George Town (Grand Cayman), Cozumel, Miami",104140.00
"Kiel, Copenhagen, Alesund, Flam, Kiel",102875.00
"Trieste, Ancona, Zadar, Croatia, Bari, Corfù, Kotor, Trieste",99866.00
"Civitavecchia (Roma), Genova, Marsiglia, Barcellona, Cagliari, Palermo, Civitavecchia (Roma)",97966.00
"Brindisi, Zadar, Croatia, Trieste, Dubrovnik, Kotor, Argostoli/Cefalonia, Grecia, Corfù, Brindisi",97000.00
"Genova, Marsiglia, Barcellona, Cagliari, Palermo, Civitavecchia (Roma), Genova",96347.00
"Cagliari, Palermo, Civitavecchia (Roma), Genova, Marsiglia, Barcellona, Cagliari",96025.00
"Kiel, Copenhagen, Hellesylt, Geiranger, Stavanger, Kiel",95361.00
"Dubai, Dubai, Muscat, Muscat, Abu Dhabi, Abu Dhabi, Dubai",93201.00
"Miami, Ocho Rios, Cartagena, Colon, Puerto Limon, Miami",88737.00
"Genova, Barcellona, Casablanca, Santa Cruz de Tenerife, Funchal, Malaga, Marsiglia, Genova",86891.00
"Dubai, Dubai, Doha, Muscat, Abu Dhabi, Abu Dhabi, Dubai",86655.00
"Trieste, Ancona, Kotor, Bari, Corfù, Dubrovnik, Trieste",83152.00
"Trieste, Spalato, Kotor, Katakolon, Atene, Bari, Trieste",83150.00
"Kiel, Copenhagen, Hellesylt, Alesund, Flam, Kiel",82440.00
"Genova, Marsiglia, Barcellona, Tangeri, Casablanca, Ceuta, Malaga, Alicante, Genova",79801.00
"Venecia, Kotor,  Míkonos, Míkonos, Santorini,  Bari, Venecia",78896.00
"Palermo, Civitavecchia (Roma), Genova, Marsiglia, Barcellona, Cagliari, Palermo",77562.00
"Genova, Civitavecchia (Roma), Messina, Rodi, Limassol, Haifa, Heraklion, Genova",77034.58
"Civitavecchia (Roma), Santorini, Pireo (Atene), Corfù, La Valletta, Messina, Napoli, Livorno, Cannes, Civitavecchia (Roma)",75918.00
"Civitavecchia (Roma), Santorini, Pireo (Atene), Mykonos, Corfù, La Valletta, Messina, Napoli, Livorno, Civitavecchia (Roma)",75054.00
"Miami, Ocho Rios, George Town (Grand Cayman), Cozumel, Miami, San Juan, San Juan, Charlotte Amalie, Miami",73963.00
"Miami, Nassau, San Juan, Miami",72704.00
"Ancona, Kotor, Bari, Corfù, Dubrovnik, Trieste, Ancona",72605.00
"Bari, Trieste, Katakolon, Pireo (Atene), Kusadasi, Istanbul, Corfù, Bari",71944.00
"Bari, Corfù, Dubrovnik, Trieste, Ancona, Spalato, Bari",71799.00
"Livorno, Napoli, Valencia, Genova, Livorno",71783.00
"Brindisi, Mykonos, Pireo (Atene), Zadar, Croatia, Venezia, Brindisi",70062.00
"Fort-de-France, Pointe-à-Pitre, Castries, Bridgetown, Saint George's, Kingstown, St Vincent & The Grenadines, Fort-de-France",69308.00
"Navigazione, Civitavecchia (Roma), Genova, Marsiglia, Siracusa",68099.00
"Barcelona, Cannes, Génova, La Spezia, Civitavecchia (Roma),  Palma de Mallorca, Barcelona",66040.00
"Livorno, Napoli, Valencia, Barcellona, Genova, Livorno",64388.00
"Bari, Venezia, Dubrovnik, Kotor, Corfù, Zante, Bari",64201.00
"Bari, Trieste, Spalato, Kotor, Katakolon, Atene, Bari",63899.00
"Miami, Cozumel, George Town (Grand Cayman), Ocho Rios, Miami",62778.00
"Warnemunde, Bergen, Eidfjord, Kristiansand, Oslo, Copenhagen, Warnemunde",62772.00
"Miami, San Juan, San Juan, Charlotte Amalie, Miami",62517.00
"Kiel, Tallin, Tallin, Helsinki, Stoccolma, Kiel",62301.00
"Ancona, Spalato, Bari, Corfù, Kotor, Trieste, Ancona",60663.00
"Trieste, Ancona, Spalato, Bari, Corfù, Kotor, Trieste",59710.00
"Genova, Marsiglia, Barcellona, Tangeri, Casablanca, Alicante, Civitavecchia (Roma), Genova",59318.00
"Dubai, Dubai, Dubai, Abu Dhabi, Muscat, Dubai, Dubai",58550.00
"Venezia, Mykonos, Mykonos, Santorini, Argostoli/Cefalonia, Grecia, Bari, Venezia",58282.00
"Bari, Trieste, Katakolon, Mykonos, Kusadasi, Istanbul, Corfù, Bari",57676.00
"Amburgo, Invergordon, Reykjavik, Reykjavik, Isafjordur, Akureyri, Kirkwall, Gran Bretagna, Amburgo",56166.00
"Miami, Costa Maya, Belize City, Miami",54682.00
"Navigazione, Mykonos, Mykonos, Santorini, Katakolon, Bari",54085.00
"Siracusa, La Valletta, Santorini, Mykonos, Mykonos, Civitavecchia (Roma), Siracusa",52551.00
"Savona, Marsiglia, Barcellona, Ibiza, Palermo, Civitavecchia (Roma), Savona",52347.00
"Kiel, Copenhagen, Hellesylt, Geiranger, Alesund, Stavanger, Kiel",52302.00
"Trieste, Katakolon, Mykonos, Kusadasi, Istanbul, Corfù, Bari, Trieste",51454.00
"Bari, Corfù, Kotor, Trieste, Ancona, Zadar, Croatia, Bari",51261.00
"Valencia, Marsella, Génova, Civitavecchia (Roma), Palermo,  Ibiza, Valencia",51226.00
"Miami, San Juan, San Juan, Charlotte Amalie, Miami, Ocho Rios, George Town (Grand Cayman), Cozumel, Miami",44836.00
"Ancona, Zadar, Croatia, Bari, Corfù, Kotor, Trieste, Ancona",44067.00
"Bari, Trieste, Kusadasi, Istanbul, Mykonos, Mykonos, Corfù, Bari",43697.00
"Savona, Civitavecchia (Roma), Napoli, Palma di Maiorca, Valencia, Marsiglia, Savona",43562.00
"Guadalupa, Tortola, St. Maarten, Antigua, Dominica, Martinica, Guadalupa",42787.00
"Palermo, Civitavecchia (Roma), Savona, Marsiglia, Barcellona, Ibiza, Palermo",41409.00
"Bari, Pireo (Atene), Izmir, Istanbul, Istanbul, Corfù, Trieste, Zadar, Croatia, Bari",40997.00
"Navigazione, Argostoli/Cefalonia, Grecia, Heraklion, Santorini, Bari",40491.00
"Guadalupa, Scarborough, Grenada, Kingstown, St Vincent & The Grenadines, St. Lucia, Martinica, Guadalupa, Tortola, St. Maarten, Antigua, Dominica, Martinica, Guadalupa",40050.00
"Barcelona, Marsella, Génova, Nápoles, Mesina, La Valeta,  Barcelona",39966.00
"Trieste, Zadar, Croatia, Bari, Pireo (Atene), Izmir, Istanbul, Istanbul, Corfù, Trieste",39382.00
"Savona, Marsiglia, Malaga, Cadice, Lisbona, Gibilterra, Valencia, Barcellona, Savona",38027.00
"Trieste, Katakolon, Pireo (Atene), Kusadasi, Istanbul, Corfù, Bari, Trieste",37765.00
"Venezia, Kotor, Mykonos, Mykonos, Santorini, Ancona, Venezia",37579.00
"Barcelona,  Cagliari, Palermo, Civitavecchia (Roma), Génova, Marsella, Barcelona",37372.00
"Amburgo, Alesund, Tromso, Trondheim, Bergen, Kristiansand, Amburgo",37246.00
"Genova, Marsiglia, Barcellona, Genova",35778.00
"Trieste, Dubrovnik, Kotor, Argostoli/Cefalonia, Grecia, Corfù, Brindisi, Spalato, Trieste",35652.00
"Civitavecchia (Roma), Livorno, Valencia, Tolone, Genova, Civitavecchia (Roma)",35371.00
"Istanbul, Istanbul, Kusadasi, Kusadasi, Heraklion, Rodi, Istanbul, Istanbul, Izmir, Bodrum, Atene, Mykonos, Istanbul",35327.00
"Bari, Corfù, Kotor, Trieste, Ancona, Spalato, Bari",35127.00
"Amburgo, Zeebrugge, Rotterdam, Paesi Bassi, Le Havre, Southampton, Amburgo",34561.00
"Barcelona,  Túnez, Palermo, Nápoles, Génova, Marsella, Barcelona",34188.00
"Dubai, Dubai, Doha, Abu Dhabi, Muscat, Dubai, Dubai",33470.00
"IJmuiden, Paesi Bassi, Lerwick-Is. Shetland, Scozia, Seydisfjordur, Akureyri, Isafjordur, Grundarfjordur, Reykjavik, Kirkwall, Gran Bretagna, Invergordon, Bremerhaven, IJmuiden, Paesi Bassi",33330.00
"Savona, Marsiglia, Barcellona, Lisbona, Lisbona, Funchal, Fuerteventura, Santa Cruz de Tenerife, Lanzarote, Malaga, Savona",32836.00
"La Romana, Curaçao, Aruba, Scarborough, St. Lucia, Barbados, Guadalupa, Antigua, Tortola, La Romana",32598.00
"Kiel, Copenhagen, Oslo, Kristiansand, Flam, Kiel",32560.00
"Civitavecchia (Roma), Messina, Rodi, Limassol, Haifa, Heraklion, Genova, Civitavecchia (Roma)",31728.00
"Miami, San Juan, Nassau, Miami",31706.00
"Kiel, Bergen, Tromso, Trondheim, Kiel",31265.00
"Amburgo, Alesund, Alta, Trondheim, Molde, Amburgo",31145.00
"Miami, Costa Maya, Belize City, Cozumel, Miami",30682.00
"Venezia, Dubrovnik, Kotor, Corfù, Zante, Bari, Venezia",30476.00
"Civitavecchia (Roma), Savona, Marsiglia, Barcellona, Ibiza, Palermo, Civitavecchia (Roma)",30372.00
"Trieste, Spalato, Dubrovnik, Argostoli/Cefalonia, Grecia, Corfù, Brindisi, Zadar, Croatia, Trieste",30310.00
"La Romana, St. Lucia, Barbados, Guadalupa, Antigua, Tortola, La Romana",30194.00
"Ancona, Venezia, Kotor, Mykonos, Mykonos, Santorini, Ancona",30132.00
"Kiel, Copenhague,  Hellesylt, Alesund, Flam,  Kiel",29823.00
"Bari, Argostoli/Cefalonia, Grecia, Heraklion, Santorini, Bari",29471.00
"Navigazione, Katakolon, Mykonos, Santorini, Bari",29064.00
"Amburgo, Eidfjord, Molde, Tromso, Longyearbyen, Norvegia, Olden, Amburgo",28858.00
"Amburgo, Alesund, Alta, Trondheim, Molde, Kristiansand, Amburgo",27896.00
"Savona, Marsiglia, Civitavecchia (Roma), Katakolon, Limassol, Haifa, Aqaba, Salalah, Mumbai, Mumbai, Mormugao, Male, Male, Port Victoria, Nosy Be, Tamatave, Saint-Denis, Port Louis, Durban, Port Elizabeth, Port Elizabeth, Walvis Bay, Jamestown, Rio de Janeiro, Rio de Janeiro, Buenos Aires, Buenos Aires, Montevideo, Puerto Madryn, Ushuaia, Ushuaia, Punta Arenas, Puerto Chacabuco, Puerto Montt, Arica, Callao (Lima), Manta, Canale di Panama transito, Colon, Colon, Puerto Limon, Isola Roatan, Cozumel, Port Canaveral, USA, Newport, New York City, New York City, Ponta Delgada, Lisbona, Lisbona, Tangeri, Gibilterra, Marsiglia, Savona",27780.00
"Civitavecchia (Roma), Napoli, Palma di Maiorca, Valencia, Marsiglia, Savona, Civitavecchia (Roma)",27740.00
"Kiel, Copenhagen, Hellesylt, Molde, Flam, Kiel",27535.00
"Civitavecchia (Roma), Siracusa, Santorini, Mykonos, Mykonos, Civitavecchia (Roma)",27444.00
"Kiel, Bergen, Stavanger, Kiel",26015.00
"Guadalupa, Aruba, Curaçao, Grenada, Martinica, Guadalupa",25964.00
"Barcelona, Ajaccio, Civitavecchia (Roma), Nápoles, Livorno, Cannes, Palma de Mallorca, Barcelona",25924.00
"Bari, Mykonos, Mykonos, Santorini, Argostoli/Cefalonia, Grecia, Bari",25480.00
"Kiel, Copenhagen, Fredericia, Danimarca, Ronne, Visby, Helsinki, Tallin, Tallin, Stoccolma, Kiel",25465.00
"Barcelona, Palma de Mallorca,  Palermo, Civitavecchia (Roma), Savona, Marsella, Barcelona",25422.00
"Kiel, Copenhagen, Hellesylt, Geiranger, Flam, Stavanger, Kiel",25236.00
"Ravenna, Katakolon, Santorini, Efeso, Mykonos, Pireo (Atene), Chania, Grecia, Zante, Ravenna",25142.00
"Genova, Civitavecchia (Roma), Livorno, Valencia, Tolone, Genova",24970.00
"Bari, Mykonos, Mykonos, Santorini, Katakolon, Bari",24960.00
"Kiel, Copenhagen, Flam, Stavanger, Kiel",24914.00
"Warnemunde, Helsinki, Tallin, Stoccolma, Copenhagen, Warnemunde",24474.00
"Civitavecchia (Roma), Genova, Marsiglia, Barcellona, Tangeri, Casablanca, Alicante, Civitavecchia (Roma)",24430.00
"Pireo (Atene), Kusadasi, Haifa, Limassol, Rodi, Santorini, Pireo (Atene)",24409.00
"Fort-de-France, Pointe-à-Pitre, Philipsburg, St. Maarten, Saint John's, Basseterre, Roseau, Fort-de-France",24127.00
"Istanbul, Istanbul, Kusadasi, Kusadasi, Heraklion, Rodi, Istanbul",23730.00
"Bari, Katakolon, Mykonos, Santorini, Bari",23485.00
"La Spezia, Napoli, Palma di Maiorca, Barcellona, Marsiglia, Genova, La Spezia",23482.00
"Kiel, Stoccolma, Tallin, Helsinki, Riga, Riga, Gdynia, Kiel",23389.00
"Napoli, Palma di Maiorca, Valencia, Marsiglia, Savona, Civitavecchia (Roma), Napoli",22962.00
"Catania, Heraklion, Haifa, Port Said, Alessandria, La Valletta, Barcellona, Marsiglia, Savona, Napoli, Catania",22910.00
"Fort-de-France, Pointe-à-Pitre, Castries, Bridgetown, Saint George's, Kingstown, St Vincent & The Grenadines, Fort-de-France, Pointe-à-Pitre, Philipsburg, St. Maarten, Saint John's, Basseterre, Roseau, Fort-de-France",21840.00
"Venezia, Dubrovnik, Catania, Napoli, Savona, Marsiglia, Barcellona, Casablanca, Santa Cruz de Tenerife, Barbados, Cartagena, Colon, Canale di Panama transito, Manta, Manta, Callao (Lima), Arica, Isola di Pasqua, Isola di Pasqua, Papeete, Bora Bora, Polinesia Francese, Rarotonga (Cook Island), Wellington, Christchurch, Hobart, Sydney, Sydney, Brisbane, Cairns, Rabaul, Papua Nuova Guinea, Osaka, Japan, Nagasaki, Japan, Busan, Corea del Sud, Keelung, Taiwan (China), Hong Kong (China), Hong Kong (China), Da Nang, Phu My, Singapore, Singapore, Port Klang (Kuala Lumpur), Penang, Colombo, Mormugao, Mumbai, Mumbai, Salalah, Aqaba, Atene, Napoli, Marsiglia, Savona, Civitavecchia (Roma), Corfù, Bari, Venezia",21800.00
"Kiel, Copenhagen, Alesund, Hellesylt, Flam, Kiel",21296.00
"Savona, Marsiglia, Barcellona, Cadice, Gibilterra, Casablanca, Tangeri, Malaga, Valencia, Savona",20946.00
"Genova, Marsiglia, Palma di Maiorca, Barcellona, Genova",20702.00
"Barcelona, Marsella, Génova, Civitavecchia (Roma), Palermo, La Valeta,  Barcelona",20593.00
"Savona, Marsiglia, Barcellona, Casablanca, Casablanca, Lanzarote, Fuerteventura, Santa Cruz de Tenerife, Funchal, Malaga, Savona",20220.00
"Venecia, Brindisi,  Míkonos,  Split, Venecia",20051.00
"Warnemunde, Stavanger, Eidfjord, Kristiansand, Oslo, Copenhagen, Warnemunde",19230.00
"Kiel, Alesund, Tromso, Leknes (Isole Lofoten), Trondheim, Olden, Bergen, Kiel",19200.00
"Savona, Marsiglia, Barcellona, Valencia, Palermo, Civitavecchia (Roma), Savona",19041.00
"Bari, Trieste, Katakolon, Santorini, Kusadasi, Istanbul, Corfù, Bari",19035.00
"Savona, Marsiglia, Barcellona, Casablanca, Las Palmas, Lanzarote, Fuerteventura, Santa Cruz de Tenerife, Funchal, Malaga, Savona",18874.00
"Siracusa, Santorini, Mykonos, Mykonos, Civitavecchia (Roma), Siracusa",18440.00
"Istanbul, Istanbul, Izmir, Bodrum, Mykonos, Atene, Istanbul",18410.00
"Fort-de-France, Pointe-à-Pitre, Castries, Bridgetown, Saint George's, Kingstown, St Vincent & The Grenadines, Fort-de-France, Pointe-à-Pitre, Roseau, Philipsburg, St. Maarten, Saint John's, Basseterre, Fort-de-France",17240.00
"Genova, Casablanca, Santa Cruz de Tenerife, Arrecife, Malaga, Marsiglia, Genova",17239.00
"Genova, La Spezia, Civitavecchia (Roma), Palma di Maiorca, Barcellona, Genova",17234.00
"Amburgo, Molde, Tromso, Longyearbyen, Norvegia, Bergen, Kristiansand, Amburgo",17208.00
"Ravenna, Dubrovnik, Mykonos, Santorini, Spalato, Ravenna",16982.00
"Palermo, Civitavecchia (Roma), Savona, Marsiglia, Barcellona, Valencia, Palermo",16902.00
"Warnemunde, Riga, Tallin, Stoccolma, Copenhagen, Warnemunde",16874.00
"Guadalupa, Aruba, Curaçao, Grenada, Martinica, Guadalupa, Scarborough, Grenada, Barbados, St. Lucia, Martinica, Guadalupa",16700.00
"Venecia, Brindisi,  Míkonos,  Zadar, Croatia, Venecia",16479.00
"Martinica, Guadalupa, Scarborough, Grenada, Kingstown, St Vincent & The Grenadines, St. Lucia, Martinica",16450.00
"Genova, Barcellona, Tangeri, Santa Cruz de Tenerife, Funchal, Malaga, Marsiglia, Genova",15989.00
"Civitavecchia (Roma), Santorini, Mykonos, Chania, Grecia, Civitavecchia (Roma)",15874.00
"Bari, Venezia, Mykonos, Mykonos, Santorini, Argostoli/Cefalonia, Grecia, Bari",15860.00
"Miami,  Ocho Ríos, George Town (Grand Cayman), Cozumel,  Miami",15800.00
"Kiel, Copenhague,  Alesund, Flam,  Kiel",15130.00
"Trieste, Zadar, Croatia, Bari, Pireo (Atene), Istanbul, Istanbul, Izmir, Corfù, Trieste",15118.00
"Guadalupa, Curaçao, Grenada, Barbados, Martinica, Guadalupa, Scarborough, Grenada, Roseau, St. Lucia, Martinica, Guadalupa",15076.00
"Savona, Valencia, Lanzarote, Santa Cruz de Tenerife, Funchal, Cadice, Malaga, Barcellona, Marsiglia, Savona",15072.00
"Savona, Civitavecchia (Roma), Cagliari, Palma di Maiorca, Valencia, Marsiglia, Savona",14812.00
"Kiel, Copenhagen, Flam, Alesund, Stavanger, Kiel",14600.00
"Navigazione, Argostoli/Cefalonia, Grecia, Santorini, Heraklion, Bari",14523.00
"Venezia, Spalato, Kotor, Katakolon, Atene, Bari, Venezia",14514.00
"Copenhagen, Warnemunde, Bergen, Eidfjord, Kristiansand, Oslo, Copenhagen",13915.00
"Istanbul, Istanbul, Izmir, Bodrum, Atene, Mykonos, Istanbul, Istanbul, Kusadasi, Kusadasi, Heraklion, Rodi, Istanbul",13814.00
"Savona, Barcellona, Marsiglia, Savona",13763.00
"Istanbul, Istanbul, Kusadasi, Kusadasi, Heraklion, Rodi, Istanbul, Istanbul, Izmir, Bodrum, Mykonos, Atene, Istanbul",13758.00
"Civitavecchia (Roma), Santorini, Pireo (Atene), Mykonos, Efeso, Chania, Grecia, Civitavecchia (Roma)",13721.00
"Fort-de-France, Pointe-à-Pitre, Basseterre, Philipsburg, St. Maarten, Saint John's, Roseau, Fort-de-France",13689.00
"Napoli, Ibiza, Valencia, Marsiglia, Savona, Civitavecchia (Roma), Salerno",13673.00
"Doha, Dubai, Abu Dhabi, Dubai, Abu Dhabi, Doha",13650.00
"Fort-de-France, Pointe-à-Pitre, Philipsburg, St. Maarten, Saint John's, Basseterre, Roseau, Fort-de-France, Pointe-à-Pitre, Castries, Bridgetown, Saint George's, Kingstown, St Vincent & The Grenadines, Fort-de-France",13478.00
"Copenhagen, Hellesylt, Geiranger, Bergen, Stavanger, Kiel, Copenhagen",13388.00
"Miami, St. Croix, Basseterre, Philipsburg, St. Maarten, San Juan, Labadee, Miami",13354.00
"Barcelona, Palma de Mallorca, Marsella, La Spezia, Civitavecchia (Roma), Nápoles,  Barcelona",13314.00
"Santorini, Kusadasi,  Haifa, Limasol, Míkonos, Míkonos",13226.90
"Barcelona, Marsella, Savona, Nápoles, Catania,  Heraklion,  Haifa, Port Said, Alejandría,   La Valeta,  Barcelona",13138.00
"Civitavecchia (Roma), Haifa, Haifa, Ashdod, Limassol, Rodi, Efeso, Santorini, Chania, Grecia, Civitavecchia (Roma)",13071.00
"Kiel, Alesund, Leknes (Isole Lofoten), Trondheim, Molde, Olden, Kiel",13050.00
"Savona, Marsiglia, Malaga, Cadice, Lisbona, Gibilterra, Cartagena, Valencia, Savona",13006.00
"Istanbul, Istanbul, Izmir, Bodrum, Atene, Mykonos, Istanbul",12953.00
"Miami, San Juan, San Juan, Charlotte Amalie, Nassau, Miami",12837.00
"Amburgo, Kirkwall, Gran Bretagna, Akureyri, Isafjordur, Reykjavik, Reykjavik, Invergordon, Amburgo",12788.00
"Trieste, Kusadasi, Istanbul, Mykonos, Mykonos, Corfù, Bari, Trieste",12781.00
"Fort-de-France, Pointe-à-Pitre, Roseau, Philipsburg, St. Maarten, Saint John's, Basseterre, Fort-de-France, Pointe-à-Pitre, Castries, Bridgetown, Saint George's, Kingstown, St Vincent & The Grenadines, Fort-de-France",12640.00
"Valencia, Marsella, Savona, Civitavecchia (Roma), Nápoles,  Ibiza, Valencia",12567.00
"Southampton, Lisbona, Funchal, Las Palmas, Santa Cruz de Tenerife, Arrecife, Vigo, Southampton",12510.00
"Civitavecchia (Roma), Dubrovnik, Corfù, Messina, Napoli, Livorno, Civitavecchia (Roma)",12448.00
"Savona, Napoli, Catania, Heraklion, Haifa, Port Said, Alessandria, La Valletta, Barcellona, Marsiglia, Savona",12360.00
"Kiel, Bergen, Olden, Stavanger, Kiel",12166.00
"Kiel, Copenhagen, Helsinki, San Pietroburgo, Tallin, Kiel",12060.00
"Copenhague, Warnem�nde,  Bergen, Eidfjord, Kristiansand, Oslo, Copenhague",12008.00
"Marseille, Gênes, Civitavecchia (Rome), Palermo, Navigation, Ibiza, Valence, Marseille",11997.00
"Savona, Civitavecchia (Roma), Ajaccio (Corsica), Palma di Maiorca, Valencia, Marsiglia, Savona",11926.00
"Kiel,  Bergen, Olden, Stavanger,  Kiel",11681.00
"Genova, Barcellona, Funchal, Arrecife, Tangeri, Malaga, Marsiglia, Genova",11645.00
"Miami, San Juan, Nassau, Miami, Costa Maya, Belize City, Miami",11600.00
"Civitavecchia (Roma), Livorno, Cannes, Palma di Maiorca, Barcellona, Ajaccio (Corsica), Civitavecchia (Roma)",11523.00
"Jeddah, Jeddah, Aqaba, Jeddah",11510.00
"Guadalupa, Tortola, St. Maarten, Antigua, Dominica, Martinica, Guadalupa, Aruba, Curaçao, Grenada, Barbados, Martinica, Guadalupa",11454.00
"Amburgo, Molde, Tromso, Longyearbyen, Norvegia, Olden, Stavanger, Amburgo",11400.00
"Bari, Argostoli/Cefalonia, Grecia, Santorini, Heraklion, Bari",11304.00
"Civitavecchia (Roma), Napoli, Santorini, Pireo (Atene), Mykonos, Efeso, Chania, Grecia, Civitavecchia (Roma)",11179.00
"Miami, Ocho Rios, George Town (Grand Cayman), Costa Maya, Miami",11070.00
"Trieste, Kotor, Corfù, Santorini, Mykonos, Argostoli/Cefalonia, Grecia, Dubrovnik, Trieste",11025.00
"Fort-de-France, Pointe-à-Pitre, Roseau, Philipsburg, St. Maarten, Saint John's, Basseterre, Fort-de-France",11001.00
"Kiel,  Bergen, Stavanger,  Kiel",10936.00
"Marseille, Navigation, Syracuse, Navigation, Civitavecchia (Rome), Gênes, Marseille",10922.00
"Hamburgo,  Alesund,  Tromsø,  Trondheim, Bergen, Kristiansand,  Hamburgo",10886.00
"Genova, Marsiglia, Barcellona, Palma di Maiorca, Genova",10867.00
"Civitavecchia (Roma), Ajaccio (Corsica), Palma di Maiorca, Valencia, Marsiglia, Savona, Civitavecchia (Roma)",10852.00
"Valencia,  Génova, Livorno, Nápoles,  Valencia",10838.00
"Pireo (Atene), Santorini, Kusadasi, Haifa, Limassol, Mykonos, Mykonos, Pireo (Atene)",10823.00
"Valencia, Barcelona,  Génova, Livorno, Nápoles,  Valencia",10793.93
"Savona, Marsiglia, Malaga, Cadice, Lisbona, Gibilterra, Valencia, Savona",10780.00
"Amburgo, Molde, Trondheim, Tromso, Alesund, Amburgo",10618.00
"Catania, La Valletta, Mykonos, Santorini, Catania",10516.00
"Kiel, Copenhague,  Hellesylt, Flam,  Kiel",10500.00
"Guadalupa, Scarborough, Grenada, Kingstown, St Vincent & The Grenadines, St. Lucia, Martinica, Guadalupa",10480.00
"Miami, Ocho Rios, George Town (Grand Cayman), Cozumel, Miami, San Juan, Nassau, Miami",10420.00
"Fort Lauderdale,   Puerto Limón, Colón, Cartagena de Indias, Oranjestad (Aruba), Curacao (Antillas),   Fort Lauderdale",10413.00
"Kiel, Leknes (Isole Lofoten), Tromso, Trondheim, Olden, Kiel",10399.00
"Napoli, Catania, Heraklion, Haifa, Port Said, Alessandria, La Valletta, Barcellona, Marsiglia, Savona, Napoli",10388.00
"Civitavecchia (Roma), Savona, Marsiglia, Barcellona, Valencia, Palermo, Civitavecchia (Roma)",10382.00
"Copenhagen, Hellesylt, Alesund, Flam, Kiel, Copenhagen",10358.00
"Warnemunde, Akureyri, Isafjordur, Nuuk, Groenlandia, Ilulissat, Groenlandia, Ilulissat, Groenlandia, Qaqortoq, Groenlandia, Reykjavik, Reykjavik, Kirkwall, Gran Bretagna, Copenhagen, Warnemunde",10250.00
"Guadalupa, Aruba, Curaçao, Grenada, Barbados, Martinica, Guadalupa",10088.00
"Barcelona, Marsella, Génova, La Spezia, Nápoles,  Palma de Mallorca, Barcelona",10081.00
"Kiel, Bergen, Kristiansand, Stavanger, Kiel",10020.00
"Napoli, Barcellona, Valencia, Marsiglia, Savona, Civitavecchia (Roma), Napoli",9846.00
"Venezia, Mykonos, Mykonos, Santorini, Ancona, Venezia",9709.00
"Bari, Corfù, Dubrovnik, Trieste, Zadar, Croatia, Bari",9698.00
"Miami, Philipsburg, St. Maarten, St. Thomas, CocoCay, Miami",9548.00
"Dubai, Dubai, Dubai, Abu Dhabi, Doha, Muscat, Dubai",9466.00
"Catania, La Valletta, Mykonos, Santorini",9348.00
"Savona, Marsiglia, Barcellona, Cadice, Tangeri, Casablanca, Gibilterra, Malaga, Valencia, Savona",9198.00
"Genova, Marsiglia, Barcellona, Cagliari, Napoli, Civitavecchia (Roma), Genova",9168.00
"Napoli, Valencia, Barcellona, Marsiglia, Genova, Livorno, Napoli",9111.00
"Amsterdam, Stavanger, Molde, Andalsnes, Leknes (Isole Lofoten), Leknes (Isole Lofoten), Bodø, Bremerhaven, Amsterdam",9000.00
"Brindisi, Spalato, Trieste, Spalato, Dubrovnik, Argostoli/Cefalonia, Grecia, Corfù, Brindisi",8991.00
"Napoli, Catania, Heraklion, Izmir, Istanbul, Istanbul, Atene, Barcellona, Marsiglia, Savona, Napoli",8938.00
"Barcelona, Cannes, Civitavecchia (Roma),  Katákolon, Míkonos, Santorini,   Barcelona",8936.00
"Kusadasi, Patmos, Rodi, Míkonos, Argostoli, Corfú, Santorini",8891.00
"Copenhague,  Hellesylt, Alesund, Flam,  Kiel, Copenhague",8846.00
"Kiel, Copenhagen, Alesund, Flam, Kiel, Copenhagen, Helsinki, San Pietroburgo, Tallin, Kiel",8800.00
"Savona, Civitavecchia (Roma), Ibiza, Palma di Maiorca, Valencia, Marsiglia, Savona",8760.00
"Livorno, Valencia, Tolone, Genova, Civitavecchia (Roma), Livorno",8733.00
"Guadalupa, Kingstown, St Vincent & The Grenadines, St. Lucia, Barbados, Martinica, Guadalupa, Scarborough, Grenada, Kingstown, St Vincent & The Grenadines, St. Lucia, Martinica, Guadalupa",8718.00
"Kiel, Copenhagen, Tallin, Helsinki, Stoccolma, Kiel",8700.00
"Miami, Navigation, San Juan, San Juan, Charlotte Amalie, Navigation, Miami, Navigation, Ocho Rios, George Town (Grand Cayman), Cozumel, Navigation, Miami",8678.00
"Southampton, Flam, Olden, Kristiansand, Southampton",8676.00
"Valencia, Tolón, Génova, Civitavecchia (Roma), Livorno,  Valencia",8647.00
"Miami, Labadee, San Juan, St. Thomas, CocoCay, Miami",8642.00
"Savona, Napoli, Catania, Istanbul, Istanbul, Izmir, Heraklion, Atene, Barcellona, Marsiglia, Savona",8422.00
"Pireo (Atene), Kusadasi, Patmos, Rodi, Mykonos, Argostoli/Cefalonia, Grecia, Corfù, Santorini, Pireo (Atene)",8382.00
"Guadalupa, Aruba, Curaçao, Grenada, Martinica, Guadalupa, Scarborough, Grenada, Kingstown, St Vincent & The Grenadines, St. Lucia, Martinica, Guadalupa",8330.00
"Pointe-à-Pitre, Philipsburg, St. Maarten, Saint John's, Basseterre, Roseau, Fort-de-France, Pointe-à-Pitre",8180.00
"New York City, Newport, Boston, St. John's, Halifax, Charlottetown, Sydney (Nuova Scozia), Portland, New York City",8130.00
"Kiel, Copenhague, Navigation, Hellesylt, Molde, Flam, Navigation, Kiel",8124.00
"Istanbul, Istanbul, Kusadasi, Kusadasi, Rodi, Heraklion, Istanbul",8100.00
"Doha, Dubái, Abu Dabi, Dubái, Abu Dabi,  Doha",7945.00
" Casablanca,  Santa Cruz de Tenerife, Arrecife,  Málaga,  Marsella, Génova, Barcelona",7892.00
"Reykjavik, Nuuk, Groenlandia, Grundarfjordur, Akureyri, Isafjordur, Reykjavik",7823.00
"Miami, Ocho Rios, George Town (Grand Cayman), Costa Maya, Miami, Nassau, San Juan, Miami",7637.00
"Civitavecchia (Roma), Cagliari, Palma di Maiorca, Valencia, Marsiglia, Savona, Civitavecchia (Roma)",7580.00
"Venezia, Spalato, Katakolon, Transito Canale Di Suez, Transito Canale Di Suez, Sokhna, Sharm El Sheik, Safaga, Jeddah, Port Victoria, Port Victoria, Port Louis, Port Louis, Pointe des Galets, Durban",7450.00
"Trieste, Ancona, Zadar, Croatia, Bari, Corfú, Kotor,  Trieste",7399.00
"Venezia, Dubrovnik, Corfù, Zante, Bari, Venezia",7379.00
"Miami,  San Juan, San Juan, Charlotte Amalie,  Miami",7358.00
"Genova, Marsiglia, Malaga, Las Palmas, Santa Cruz de Tenerife, Bridgetown, Saint George's, Roseau, Basseterre, Fort-de-France",7340.00
"Marseille, Barcelone, Palma de Majorque, Navigation, Palermo, Civitavecchia (Rome), Savone, Marseille",7310.00
"Copenhagen, Alesund, Flam, Kiel, Copenhagen",7288.00
"Amsterdam, Alesund, Olden, Kristiansand, Oslo, Bremerhaven, IJmuiden, Paesi Bassi",7248.00
"Savona, Marsiglia, Barcellona, Palermo, Civitavecchia (Roma), Savona",7238.00
"Savona, Civitavecchia (Roma), Salerno, Ibiza, Valencia, Marsiglia, Savona",7182.00
"Trieste, Katakolon, Pireo (Atene), Kusadasi, Dardanelli (passaggio), Istanbul, Istanbul, Mykonos, Chania, Grecia, Korcula, Trieste, Trieste",7152.00
"Génova, Nápoles, Mesina, La Valeta,  Barcelona, Marsella, Génova",7144.00
"Copenhague,  Alesund,  Kiel, Copenhague",7056.00
"Civitavecchia (Roma), Siracusa, La Valeta,  Santorini, Míkonos, Míkonos,  Civitavecchia (Roma)",7050.00
"Amburgo, Alesund, Hammerfest, Molde, Bergen, Amburgo",7044.00
"Guadalupa, Scarborough, Grenada, Barbados, St. Lucia, Martinica, Guadalupa",6980.00
"Bari, Corfù, Dubrovnik, Trieste, Ancona, Zadar, Croatia, Bari",6946.00
"Santa Cruz de Tenerife, Santa Cruz de Tenerife, San Sebastian (La Gomera), Las Palmas, Arrecife, Gibilterra, Malaga, Cadice, Lisbona, Santa Cruz de Tenerife",6900.00
"Amsterdam, Alesund, Olden, Kristiansund - Trondheim - Rorvik, Oslo, Bremerhaven, IJmuiden, Paesi Bassi",6888.00
"Dubái, Dubái, Abu Dabi,  Doha, Dubái, Dubái",6840.00
"Napoli, Civitavecchia (Roma), Genova, Marsiglia, Barcellona, Cagliari, Napoli",6838.00
"Trieste, Spalato, Kotor, Katakolon, Bari, Trieste",6782.00
"Savona, Civitavecchia (Roma), Napoli, Barcellona, Valencia, Marsiglia, Savona",6776.00
"Ravenna, Spalato, Mykonos, Santorini, Katakolon, Ravenna",6751.00
"IJmuiden, Paesi Bassi, Molde, Andalsnes, Bodø, Leknes (Isole Lofoten), Bergen, Bremerhaven, IJmuiden, Paesi Bassi",6750.00
"Kusadasi, Heraklion, Santorini, Santorini, Míkonos, Míkonos",6743.00
"Cagliari, Napoli, Civitavecchia (Roma), Genova, Marsiglia, Barcellona, Cagliari",6724.00
"Dubai, Dubai, Dubai, Abu Dhabi, Abu Dhabi, Muscat, Dubai",6680.00
"Marseille, Barcelone, Navigation, Tunisie, Palermo, Naples, Gênes, Marseille",6678.00
"Venezia, Spalato, Kotor, Corfù, Zante, Bari, Venezia",6656.00
"Hamburgo,  Glengarriff, Belfast, Greenock,  Kirkwall, Reino Unido, Invergordon,  Hamburgo",6636.00
"Civitavecchia (Roma), Pireo (Atene), Rodi, Santorini, Mykonos, Nafplion, Argostoli/Cefalonia, Grecia, Napoli, Civitavecchia (Roma)",6600.00
"Copenhagen, Aarhus, Gdynia, Klaipeda, Lithuania, Helsinki, Tallin, Riga, Stoccolma, Visby, Copenhagen",6575.00
"Savona, Valencia, Lanzarote, Santa Cruz de Tenerife, Funchal, Lisbona, Cadice, Barcellona, Marsiglia, Savona",6528.00
"Savona, Napoli, Catania, Atene, Istanbul, Izmir, Heraklion, Barcellona, Marsiglia, Savona",6504.00
"Amsterdam, Geiranger, Circolo Artico (navigazione), Tromso, Alesund, Bergen, Kristiansand, Amsterdam",6500.00
"New York City, Newport, Boston, Charlottetown, Sydney (Nuova Scozia), Halifax, St. John's, New York City",6460.00
" Katákolon, Heraklion, Santorini,  Bari",6396.00
"IJmuiden, Paesi Bassi, Stavanger, Molde, Andalsnes, Bodø, Leknes (Isole Lofoten), Leknes (Isole Lofoten), Trondheim, Mayotte, Bremerhaven, Amsterdam",6390.00
"Guadalupa, Tortola, St. Maarten, Antigua, Dominica, Martinica, Guadalupa, Aruba, Curaçao, Grenada, Martinica, Guadalupa",6350.00
"Kiel, Tromso, Trondheim, Bergen, Kiel",6198.00
"Trieste, Katakolon, Pireo (Atene), Kusadasi, Istanbul, Corfù, Bari, Zadar, Croatia, Trieste",6187.00
"Copenhagen, Hellesylt, Geiranger, Alesund, Stavanger, Kiel, Copenhagen",6173.00
"Kiel, Copenhagen, Hellesylt, Geiranger, Bergen, Stavanger, Kiel",6060.00
"Dubai, Abu Dhabi, Doha, Dubai",6040.00
"Catania, Istanbul, Istanbul, Izmir, Heraklion, Atene, Barcellona, Marsiglia, Savona, Napoli, Catania",6038.00
"Kiel, Copenhagen, Dover, Le Havre, La Coruna, Leixoes, Lisbona, Cartagena, Valencia, Barcellona, Savona",6000.00
"Salerno, Ibiza, Valencia, Marsiglia, Savona, Civitavecchia (Roma), Napoli",5996.00
"Guadalupa, Aruba, Curaçao, Grenada, Barbados, Martinica, Guadalupa, Scarborough, Grenada, St. Lucia, Barbados, Martinica, Guadalupa",5969.00
"Southampton, Hellesylt, Molde, Stavanger, Southampton",5950.00
"Civitavecchia (Roma), Messina, Rodi, Limassol, Haifa, Heraklion, Genova",5930.00
"Civitavecchia (Roma), Palma di Maiorca, Valencia, Marsiglia, Savona, La Spezia, Civitavecchia (Roma)",5930.00
"Miami, Nassau, San Juan, Charlotte Amalie, Miami, San Juan, Nassau, Miami",5900.00
"Guadalupa, Scarborough, Grenada, Barbados, St. Lucia, Martinica, Guadalupa, Tortola, St. Maarten, Antigua, Kingstown, St Vincent & The Grenadines, Martinica, Guadalupa",5900.00
"Civitavecchia (Roma), Napoli, Cagliari, Palma di Maiorca, Ibiza, Barcellona, Cannes, Livorno, Livorno, Civitavecchia (Roma)",5900.00
"Amsterdam, Alesund, Olden, Stavanger, Kristiansund - Trondheim - Rorvik, Oslo, Bremerhaven, IJmuiden, Paesi Bassi",5890.00
"Kiel, Copenhagen, Hellesylt, Flam, Kiel",5880.00
"Amburgo, Alesund, Tromso, Trondheim, Molde, Bergen, Kristiansand, Amburgo",5880.00
"Savona, Marsiglia, Cadice, Lisbona, La Coruna, Le Havre, Zeebrugge, Rotterdam, Paesi Bassi, Kiel",5864.00
"Miami, Nassau, San Juan, Miami, Cozumel, George Town (Grand Cayman), Ocho Rios, Miami",5856.00
"Ancona, Venezia, Mykonos, Mykonos, Santorini, Ancona",5772.00
"New York City, Newport, Boston, Charlottetown, Sydney (Nuova Scozia), Halifax, St. John's, New York City, Port Canaveral, USA, Cozumel, Costa Maya, Nassau, New York City",5752.00
"Alicante,  Génova, Marsella, Barcelona,  Tánger, Casablanca, Málaga, Alicante",5752.00
"Marseille, Savone, Civitavecchia (Rome), Naples, Navigation, Ibiza, Valence, Marseille",5720.00
"Amburgo, Alesund, Tromso, Trondheim, Molde, Olden, Amburgo",5650.00
"Amburgo, Rotterdam, Paesi Bassi, Zeebrugge, Le Havre, Southampton, Amburgo",5630.00
"Kiel,  Tallin, Tallin, Helsinki, Estocolmo,  Kiel",5592.00
"New York City, Boston, Portland, Saint John, Halifax, Sydney (Nuova Scozia), Charlottetown, New York City",5590.00
"Civitavecchia (Roma), Santorini, Rodi, Mykonos, Pireo (Atene), Nafplion, Argostoli/Cefalonia, Grecia, Napoli, Civitavecchia (Roma)",5486.00
"Miami, Belize City, Isola Roatan, Costa Maya, Miami",5435.00
"New York City, Port Canaveral, USA, Great Stirrup Cay, Nassau, New York City",5400.00
"Genova, Marsiglia, Malaga, Cadice, Ceuta, Alicante, Port Mahon, Olbia, Genova",5400.00
"Southampton, Cadice, Malaga, Alicante, Palma di Maiorca, Palma di Maiorca, Nizza (Villefranche), Barcellona, Lisbona",5346.00
"Guadalupa, Tortola, St. Maarten, Antigua, Kingstown, St Vincent & The Grenadines, Martinica, Guadalupa",5330.00
"Trieste, Ancona, Kotor, Bari, Corfú, Dubrovnik,  Trieste",5304.00
"Marseille, Gênes, Naples, Messine, La Valette, Navigation, Barcelone, Marseille",5280.00
"Genova, Civitavecchia (Roma), Palermo, La Valletta, Barcellona, Palma di Maiorca, Palma di Maiorca, Marsiglia, Genova",5178.00
"Napoli, Catania, Atene, Istanbul, Izmir, Heraklion, Barcellona, Marsiglia, Savona, Napoli",5172.00
"Kiel, Copenhague,  Hellesylt, Geiranger, Alesund, Stavanger,  Kiel",5115.00
"Dubái, Abu Dabi,  Muscat, Khasab,Oman, Dubái, Dubái",5110.00
"Bari, Venezia, Spalato, Kotor, Corfù, Zante, Bari",5050.00
"Barcelona, Marsella, Niza (Villefranche), Ajaccio, Portofino, Civitavecchia (Roma), Palermo,  Barcelona",5050.00
"La Romana, Ocho Rios, Montego Bay, George Town (Grand Cayman), Samana, Isola Catalina, La Romana, La Romana",5000.00
"Southampton, Cadice, Malaga, Alicante, Palma di Maiorca, Palma di Maiorca, Nizza (Villefranche), Barcellona, Lisbona, Southampton",5000.00
"Civitavecchia (Roma), Messina, Santorini, Mykonos, Istanbul, Istanbul, Efeso, Pireo (Atene), Napoli, Civitavecchia (Roma)",5000.00
"Trieste, Dubrovnik, Argostoli/Cefalonia, Grecia, Katakolon, Corfù, Brindisi, Spalato, Trieste",5000.00
"Genova, Barcellona, Casablanca, Santa Cruz de Tenerife, Arrecife, Malaga, Marsiglia, Genova",4999.00
"Copenhagen, Hellesylt, Geiranger, Flam, Stavanger, Kiel, Copenhagen",4980.00
"Civitavecchia (Roma),  Santorini, Míkonos, Corfú, La Valeta, Mesina, Nápoles, Livorno, Civitavecchia (Roma)",4962.00
"Genova, Palma di Maiorca, Barcellona, Marsiglia, Genova",4934.00
"Amburgo, Tromso, Trondheim, Molde, Bergen, Amburgo",4870.00
"Pireo (Atene), Kusadasi, Istanbul, Volos, Mykonos, Rodi, Santorini, Pireo (Atene)",4870.00
"Genova, La Spezia, Civitavecchia (Roma), Palma di Maiorca, Barcellona, Marsiglia, Genova",4830.00
"Warnemunde, Helsinki, Stoccolma, Tallin, Copenhagen, Warnemunde",4800.00
"Savona, Marsiglia, Barcellona, Savona",4795.00
"Copenhagen, Hellesylt, Molde, Flam, Kiel, Copenhagen",4780.00
"Dubai, Dubai, Abu Dhabi, Doha, Muscat, Dubai, Dubai",4720.00
"Bari,  Míkonos, Míkonos, Santorini, Argostoli, Bari",4698.00
"Pireo (Atene), Kusadasi, Rodi, Mykonos, Argostoli/Cefalonia, Grecia, Corfù, Santorini, Pireo (Atene)",4600.00
"Venezia, Mykonos, Mykonos, Santorini, Bari, Venezia",4598.00
"Civitavecchia (Roma), Livorno, Cannes, Palma di Maiorca, Barcellona, Ajaccio (Corsica), Napoli, Civitavecchia (Roma)",4565.00
"Civitavecchia (Roma),  Santorini, Míkonos,  Nápoles, Civitavecchia (Roma)",4536.00
"Miami, Nassau, San Juan, Miami, Ocho Rios, George Town (Grand Cayman), Costa Maya, Miami",4535.00
"Kiel, Copenhagen, Kristiansand, Le Havre, La Coruna, Lisbona, Cadice, Malaga, Barcellona, Marsiglia, Savona",4530.00
"Ámsterdam,   Reykjavík, Reykjavík, Akureyri,  Belfast, Liverpool, Cork,  Ámsterdam",4518.00
"Miami,  Ocho Ríos, George Town (Grand Cayman), Cozumel,  Miami,  San Juan, San Juan, Charlotte Amalie,  Miami",4510.00
"Kiel, Bergen, Stavanger, Kiel, Tallin, Tallin, Helsinki, Stoccolma, Kiel",4490.00
"Copenhagen, Stoccolma, Tallin, San Pietroburgo, Helsinki, Copenhagen",4470.00
"Napoli, Valencia, Marsiglia, Genova, Livorno, Napoli",4422.00
"Istanbul, Istanbul, Izmir, Bodrum, Atene, Mykonos, Istanbul, Istanbul, Kusadasi, Kusadasi, Rodi, Heraklion, Istanbul",4400.00
"IJmuiden, Holanda,  Vik i Sogn, Molde, Åndalsnes,  Leknes (Isole Lofoten),  Bergen,  Bremerhaven, IJmuiden, Holanda",4390.00
"Napoli, Catania, Istanbul, Istanbul, Izmir, Heraklion, Atene, Barcellona, Marsiglia, Savona, Napoli",4384.00
"Genova, Kusadasi, Istanbul, Istanbul, Pireo (Atene), Palermo, Civitavecchia (Roma), Genova",4378.00
"Marseille, Gênes, Civitavecchia (Rome), Palermo, La Valette, Navigation, Barcelone, Marseille",4363.00
"Great Stirrup Cay, Navigation, St. Thomas, Îles Vierges , San Juan, Navigation",4308.00
"Civitavecchia (Roma), Génova, Marsella,  Siracusa,  Civitavecchia (Roma)",4288.00
"Genova, Livorno, Napoli, Valencia, Barcellona, Marsiglia, Genova",4277.00
"Savona, Napoli, Catania, Heraklion, Izmir, Istanbul, Istanbul, Atene, Barcellona, Marsiglia, Savona",4265.00
"Genova, Marsiglia, Barcellona, Lisbona, Leixoes, Ferrol, Spagna, Southampton, Le Havre, Goteborg, Copenhagen",4250.00
"Miami, Nassau, San Juan, Charlotte Amalie, Miami",4250.00
"Napoli, Valencia, Marsiglia, Genova, La Spezia, Napoli",4249.00
"Lavrio, Míkonos, Kusadasi, Patmos, Rodi, Heraklion, Santorini, Lavrio",4226.00
"Kiel, Alesund, Tromso, Leknes (Isole Lofoten), Molde, Olden, Bergen, Kiel",4188.00
"Copenhague,  Alesund, Flam,  Kiel, Copenhague",4186.00
"Bari, Trieste, Spalato, Kotor, Katakolon, Bari",4167.00
"Miami, Isola Roatan, Costa Maya, Cozumel, Miami",4154.00
"Guadalupa, Tortola, St. Maarten, Antigua, Kingstown, St Vincent & The Grenadines, Martinica, Guadalupa, Curaçao, Grenada, Dominica, Martinica, Guadalupa",4134.00
"Miami,   Philipsburg, St. Maarten,  CocoCay, Miami",4124.00
"New York City, Miami, Nassau, New York City, King's Warf, King's Warf, King's Warf, New York City",4120.00
"Fort Lauderdale, Nassau, CocoCay, Cozumel, Costa Maya, Fort Lauderdale",4108.00
"Fort-de-France, Pointe à Pitre, Navigation, Philipsburg, Saint-Martin, Saint John's (Antigua-et-Barbuda), Basseterre, Roseau, Fort-de-France",4082.00
"Civitavecchia (Roma), Salerno, Ibiza, Valencia, Marsiglia, Savona, Civitavecchia (Roma)",4036.00
"Guadalupa, Curaçao, Grenada, Dominica, Martinica, Guadalupa, Scarborough, Grenada, St. Lucia, Barbados, Martinica, Guadalupa",4030.00
"Savona, Marsiglia, Barcellona, Cadice, Lisbona, Leixoes, Le Havre, Zeebrugge, IJmuiden, Paesi Bassi, Kiel",4028.00
"Guadalupa, Scarborough, Grenada, St. Lucia, Barbados, Martinica, Guadalupa",4019.00
"Trieste, Zadar, Croatia, Bari,  Estambul, Estambul, Esmirna,  Corfú,  Trieste",4009.00
"Civitavecchia (Roma), Heraklion, Transito Canale Di Suez, Transito Canale Di Suez, Sharm El Sheik, Jeddah, Port Victoria, Port Victoria, Port Louis, Port Louis, Pointe des Galets, Durban",4000.00
"Miami, Cozumel, George Town (Grand Cayman), Ocho Rios, Miami, Nassau, San Juan, Miami",4000.00
"Trieste, Ancona, Split, Bari, Corfú, Kotor,  Trieste",3980.00
"Savona, Civitavecchia (Roma), Palermo, La Goulette, Cartagena, Tangeri, Casablanca, Casablanca, Cadice, Malaga, Barcellona, Marsiglia, Savona",3970.00
" Génova, Livorno, Nápoles,  Valencia, Barcelona",3968.00
"Rodi,  Asdod, Haifa, Limasol, Santorini, Kusadasi, Estambul, Patmos, Míkonos",3939.00
"Genova, Civitavecchia (Roma), Katakolon, Heraklion, Transito Canale Di Suez, Transito Canale Di Suez, Aqaba, Jeddah, Sokhna, Safaga",3877.00
"Miami, CocoCay, Cozumel, Isola Roatan, Costa Maya, Miami",3875.00
"Spalato, Corfù, Katakolon, Atene, Bari",3854.00
"Guadalupa, Tortola, St. Maarten, Antigua, Kingstown, St Vincent & The Grenadines, Martinica, Guadalupa, Aruba, Curaçao, Grenada, Martinica, Guadalupa",3848.00
"Amsterdam, Inverness/Loch Ness, Greenock, Belfast, Cork, Liverpool, St Peter Port, Dover, Amsterdam",3845.00
"Fort-de-France, Pointe-à-Pitre, Bridgetown, Saint George's, Kingstown, St Vincent & The Grenadines, Castries, Fort-de-France",3820.00
"Ravenna, Kotor, Corfù, Mykonos, Pireo (Atene), Argostoli/Cefalonia, Grecia, Ravenna",3807.00
"Palma de Mallorca, Barcelona, Cannes, Génova, La Spezia, Civitavecchia (Roma),  Palma de Mallorca",3803.00
"Barcelona,   Heraklion,  Haifa,  Atenas,  Catania, Nápoles, Savona, Marsella, Barcelona",3787.00
"Civitavecchia (Roma), Genova, Kusadasi, Istanbul, Istanbul, Pireo (Atene), Palermo, Civitavecchia (Roma)",3785.00
"Santo Domingo, Kingstown, St Vincent & The Grenadines, Barbados, St. Lucia, Antigua, Tortola, La Romana, Barbados, Santa Cruz de Tenerife, Gibilterra, Marsiglia, Savona",3760.00
"Civitavecchia (Roma),   Haifa, Haifa, Asdod, Limasol, Rodi, Santorini, Chania, Greece,  Civitavecchia (Roma)",3740.00
"Amsterdam, Zeebrugge, Invergordon, Kirkwall, Gran Bretagna, Belfast, Cork, Portland-Dorset, Southampton",3738.00
"Alicante, Olbia, Génova, Marsella,  Málaga, Cadiz, Lisboa,  Alicante",3730.00
"Ancona, Kotor, Bari, Corfù, Dubrovnik, Trieste",3700.00
"La Romana, St. Lucia, Barbados, Guadalupa, Antigua, Tortola, La Romana, Ocho Rios, Grand Turk, Samana, Isola Catalina, La Romana",3700.00
"Buenos Aires, Punta del Este,   Rio de Janeiro,  Salvador Bahia,       Santa Cruz de Tenerife,  Casablanca,  Palma de Mallorca,  Civitavecchia (Roma)",3698.00
"Barcellona, Lisbona, Southampton, Cadice, Malaga, Alicante, Palma di Maiorca, Palma di Maiorca, Nizza (Villefranche), Barcellona",3670.00
"Génova, Civitavecchia (Roma), Palermo, La Valeta,  Barcelona, Marsella, Génova",3647.00
"Civitavecchia (Roma), Barcellona, Valencia, Cadice, Funchal, King's Warf, King's Warf, New York City, New York City",3640.00
"Buenos Aires,   Ilhabela, Cabo Frío, Santos, Rio de Janeiro,   Recife,      Santa Cruz de la Palma,  Cadiz,  Barcelona, Palma de Mallorca,  Palermo, Siracusa,  Venecia",3620.00
"Miami,  Belice, Roatán, Costa Maya,  Miami",3604.00
"Amsterdam, Eidfjord, Alesund, Geiranger, Geiranger, Bergen, Amsterdam",3590.00
"Miami, Great Stirrup Cay, St. Thomas, Tortola, Miami",3580.00
"New York City, Newport, Boston, St. John's, Portland, Sydney (Nuova Scozia), Charlottetown, New York City",3570.00
"Haifa, Ashdod, Limassol, Rodi, Kusadasi, Istanbul, Patmos, Pireo (Atene), Napoli, Livorno, Civitavecchia (Roma)",3550.00
"Ravenna, Kotor, Corfú, Míkonos, Argostoli,  Ravenna",3530.00
"Estambul, Estambul, Esmirna, Míkonos, Atenas,  Estambul",3526.00
"Pireo (Atene), Santorini, Kotor, Messina, Napoli, Barcellona, Gibilterra, Marsiglia, Genova, Livorno, Civitavecchia (Roma)",3520.00
"Civitavecchia (Roma), Napoli, Barcellona, Valencia, Marsiglia, Savona, Ajaccio (Corsica), Civitavecchia (Roma)",3498.00
"Kiel,  Bergen,  Tromsø,  Trondheim,  Kiel",3475.00
"Amsterdam, Geiranger, Molde, Tromso, Circolo Artico (navigazione), Flam, Stavanger, Kristiansand, Amsterdam",3470.00
"Civitavecchia (Roma), Haifa, Haifa, Ashdod, Limassol, Bodrum, Efeso, Santorini, Chania, Grecia, Civitavecchia (Roma)",3465.00
"Venezia, Zadar, Croatia, Spalato, Venezia",3452.00
"Trieste, Spalato, Kotor, Corfù, Atene, Bari, Trieste",3404.00
"La Romana, Santo Domingo, Samana, Montego Bay, Ocho Rios, La Romana",3404.00
"Guadalupa, Scarborough, Grenada, St. Lucia, Barbados, Martinica, Guadalupa, Tortola, St. Maarten, Antigua, Dominica, Martinica, Guadalupa",3400.00
"Reykjavik, Reykjavik, Isafjordur, Akureyri, Akureyri, Seydisfjordur, Copenhagen",3400.00
"Amburgo, Kirkwall, Gran Bretagna, Reykjavik, Reykjavik, Isafjordur, Akureyri, Invergordon, Amburgo",3400.00
"Copenhagen, Hellesylt, Geiranger, Stavanger, Kiel, Copenhagen",3387.00
"Savona, Palma di Maiorca, Barcellona, Marsiglia, Savona",3385.00
"La Romana, Montego Bay, Ocho Rios, Samana, Isola Catalina, La Romana",3340.00
"Civitavecchia (Roma), Santorini, Pireo (Atene), Mykonos, La Valletta, Messina, Napoli, Livorno, Civitavecchia (Roma)",3300.00
"Genova, Marsiglia, Barcellona, Cadice, Santa Cruz de Tenerife, Salvador Bahia, Ilheus, Santos",3300.00
"Southampton, Rotterdam, Paesi Bassi, Zeebrugge, Le Havre, Le Verdon Sur Mer, Bilbao, La Coruna, Vigo, Lisbona",3300.00
"Guadalupa, Curaçao, Grenada, Barbados, Martinica, Guadalupa",3270.00
"Hamburgo,  Alesund,  Tromsø,  Trondheim, Molde, Olden,  Hamburgo",3269.00
"Genova, Napoli, Corfù, Dubrovnik, Trieste",3253.00
"Navigazione, Siracusa, Palermo, Alicante, Gibilterra, Arrecife, Salvador Bahia, Rio de Janeiro, Montevideo, Buenos Aires",3200.00
"Civitavecchia (Roma), Napoli, Barcellona, Valencia, Marsiglia, Savona, Civitavecchia (Roma)",3200.00
"Ravenna, Dubrovnik, Santorini, Mykonos, Spalato, Ravenna",3192.00
"Civitavecchia (Roma), Santorini, Pireo (Atene), La Valletta, Messina, Napoli, Livorno, Cannes, Civitavecchia (Roma)",3190.00
"Trieste, Dubrovnik, Corfù, Santorini, Pireo (Atene), Mykonos, Argostoli/Cefalonia, Grecia, Kotor, Spalato, Trieste",3188.00
"Bremerhaven, IJmuiden, Paesi Bassi, Rotterdam, Paesi Bassi, Zeebrugge, Dover, Southampton, La Coruna, Vigo, Lisbona, Cadice, Malaga, Palma di Maiorca, Barcellona, Marsiglia, Savona",3186.00
"Warnemunde, Ronne, Klaipeda, Lithuania, Helsinki, Riga, Visby, Tallin, Stoccolma, Copenhagen, Warnemunde",3173.00
"Civitavecchia (Roma), La Spezia, Portofino, Napoli, Messina, Kotor, Ravenna",3140.00
"Sokhna, Safaga, Aqaba,   Sokhna",3138.00
"Barcelona, Palma de Mallorca,  Génova, Marsella,  Málaga, Cadiz, Lisboa,  Alicante",3102.00
"Warnemunde, San Pietroburgo, Tallin, Stoccolma, Copenhagen, Warnemunde",3100.00
"Sokhna, Safaga, Aqaba, Jeddah, Sokhna",3069.00
"Savone, Marseille, Barcelone, Palma de Majorque, Navigation, Palermo, Civitavecchia (Rome), Savone",3068.00
"Copenhagen, Helsinki, San Pietroburgo, Tallin, Kiel, Copenhagen",3057.00
"Venise, Kotor, Navigation, Myconos, Myconos, Santorin, Navigation, Ancone, Venise",3056.00
"Amburgo, Belfast, Greenock, Kirkwall, Gran Bretagna, Invergordon, Amburgo",3000.00
"Amsterdam, Akureyri, Akureyri, Reykjavik, Reykjavik, Belfast, Liverpool, Dover, Amsterdam",3000.00
"Southampton, Cornovaglia (Falmouth), Cork, Akureyri, Isafjordur, Reykjavik, Qaqortoq, Groenlandia, Southampton",3000.00
"Venecia, Split,  Katákolon,  Suez, Suez, Sokhna, Sharm el-Sheij, Safaga,         Port Louis, Port Louis, Pointe des Galets,    Durban,  Navegación",3000.00
"Kiel, Copenhagen, Fredericia, Danimarca, Ronne, Visby, San Pietroburgo, San Pietroburgo, Tallin, Stoccolma, Kiel",3000.00
"Trieste,  Katákolon, Santorini, Kusadasi, Estambul,  Corfú, Bari, Trieste",2980.00
"Istanbul, Istanbul, Izmir, Bodrum, Mykonos, Atene, Istanbul, Istanbul, Kusadasi, Kusadasi, Heraklion, Rodi, Istanbul",2974.00
"Civitavecchia (Roma), Nápoles,  Barcelona, Palma de Mallorca, Marsella, La Spezia, Civitavecchia (Roma)",2972.00
"Hamburgo,  Invergordon,  Reykjavík, Reykjavík, Ísafjörður, Akureyri,  Kirkwall, Reino Unido,  Hamburgo",2950.00
"Venezia, Spalato, Kotor, Zadar, Croatia, Venezia",2934.00
"Fort-de-France, Pointe-à-Pitre, Basseterre, Philipsburg, St. Maarten, Saint John's, Roseau, Fort-de-France, Pointe-à-Pitre, Castries, Bridgetown, Saint George's, Kingstown, St Vincent & The Grenadines, Fort-de-France",2903.00
"Civitavecchia (Roma), Napoli, Palma di Maiorca, Valencia, Marsiglia, Savona, Ajaccio (Corsica), Civitavecchia (Roma)",2890.00
"Miami, Nassau, CocoCay, Labadee, Falmouth, Jamaica, Miami",2888.00
"Ravenna, Venezia, Hvar, Kotor, Corfù, Santorini, Mykonos, Dubrovnik, Ravenna",2880.00
"Estambul, Estambul, Kusadasi, Kusadasi, Heraklion, Rodi,  Estambul",2874.00
"Miami, Ocho Rios, Cozumel, Miami, Nassau, San Juan, Miami",2860.00
"Bari, Corfù, Dubrovnik, Trieste, Ancona, Kotor, Bari",2858.00
"Guadalupa, Tortola, St. Maarten, Antigua, Roseau, Martinica, Guadalupa",2850.00
"Copenhagen, Warnemunde, Stavanger, Eidfjord, Kristiansand, Oslo, Copenhagen",2838.00
"Marseille, Gênes, La Spezia, Naples, Navigation, Palma de Majorque, Barcelone, Marseille",2798.00
"Catania, Heraklion, Izmir, Istanbul, Istanbul, Atene, Barcellona, Marsiglia, Savona, Napoli, Catania",2790.00
"Savona, Marsiglia, Barcellona, Heraklion, Haifa, Atene, Catania, Napoli, Savona",2788.00
"Civitavecchia (Roma), Santorini, Mykonos, Corfù, La Valletta, Messina, Napoli, Livorno, Civitavecchia (Roma)",2780.00
"Miami,  Ocho Ríos,  Oranjestad (Aruba), Cartagena de Indias, Colón, Puerto Limón,   Miami, Nassau, Miami",2780.00
"Miami,  San Juan,  Nassau, Miami,  Ocho Ríos, George Town (Grand Cayman), Cozumel,  Miami",2780.00
"Guadalupa, Curaçao, Kingstown, St Vincent & The Grenadines, Barbados, Martinica, Guadalupa",2776.00
"Civitavecchia (Roma), Santorini, Mykonos, Pireo (Atene), Corfù, Messina, Napoli, Livorno, Cannes, Barcellona",2770.00
"Genova, Marsiglia, Malaga, Cadice, Lisbona, Alicante, Port Mahon, Olbia",2720.00
"Civitavecchia (Roma), Mesina,  Rodi, Limasol, Haifa,  Heraklion,   Génova, Civitavecchia (Roma)",2717.00
"Trieste, Spalato, Korcula, Mykonos, Rodi, Kusadasi, Pireo (Atene), Mykonos, Dardanelli (passaggio), Istanbul, Istanbul, Katakolon, Venezia",2700.00
"Miami, St. Thomas, Castries, Bridgetown, St. John's, Miami",2700.00
"Barcelona, Valencia,  Palermo, Civitavecchia (Roma), Savona, Marsella, Barcelona",2669.00
"Civitavecchia (Roma), Santorini, Pireo (Atene), Corfù, La Valletta, Messina, Napoli, Livorno, Civitavecchia (Roma)",2650.00
"Savona, Marsiglia, Barcellona, Valencia, Malaga, Cadice, Lisbona, Leixoes, La Coruna, Le Havre, Bremerhaven, Amsterdam",2650.00
"Miami,  Cozumel, George Town (Grand Cayman), Ocho Ríos,  Miami",2650.00
"Genova, Marsiglia, Barcellona, Palma di Maiorca, Alicante, Valencia, Tolone, Genova",2640.00
"Civitavecchia (Roma), Napoli, Heraklion, Kusadasi, Istanbul, Mykonos, Pireo (Atene)",2634.00
"Bremerhaven, IJmuiden, Paesi Bassi, IJmuiden, Paesi Bassi, Zeebrugge, Dover, Le Havre, La Coruna, Vigo, Lisbona, Cadice, Malaga, Palma di Maiorca, Barcellona, Marsiglia, Savona",2630.00
"Miami,  Costa Maya, Belice, Roatán,  Miami,  Ocho Ríos,  Cartagena de Indias, Colón, Puerto Limón,   Miami",2630.00
"Rio de Janeiro, Salvador Bahia, Maceio, Santa Cruz de Tenerife, Funchal, Valencia, Marsiglia, Genova",2630.00
"Savona, Marsiglia, Malaga, Cadice, Casablanca, Tangeri, Valencia, Barcellona, Savona",2595.00
"Barcelona, Sète, Marsella, Ajaccio, Cagliari, Palma de Mallorca, Cartagena, Valencia, Barcelona",2587.00
"Miami,  San Juan, San Juan, Charlotte Amalie,  Nassau, Miami,  Ocho Ríos, George Town (Grand Cayman), Cozumel,  Miami",2586.00
"Navigazione, Mykonos, Mykonos, Santorini, Argostoli/Cefalonia, Grecia, Bari, Trieste",2576.00
"Civitavecchia (Roma), Portofino, Cannes, Ajaccio (Corsica), Barcellona, Palma di Maiorca, Civitavecchia (Roma)",2560.00
"Marsella, Génova, Civitavecchia (Roma),  Katákolon, Heraklion, Suez, Suez, Aqaba, Navegación",2554.00
"Kusadasi, Patmos,  Asdod, Haifa, Limasol, Santorini",2541.00
"Kiel,  Olden, Stavanger,  Kiel",2520.00
"Génova, Marsella,  Siracusa,  Civitavecchia (Roma), Génova",2506.00
"Barcelona,  Génova, Livorno, Nápoles,  Valencia, Barcelona",2485.00
"Bari, Venezia, Argostoli/Cefalonia, Grecia, Santorini, Chania, Grecia, Bari",2478.00
"Fort Lauderdale, Isola Roatan, Cozumel, Costa Maya, CocoCay, Fort Lauderdale",2476.00
"Civitavecchia (Roma), Santorini, Rodi, Mykonos, Napoli, Civitavecchia (Roma)",2470.00
"Savona, Marsiglia, Barcellona, Cadice, Santa Cruz de Tenerife, Barbados, Dominica, La Romana",2470.00
"Dubái, Abu Dabi,  Doha, Dubái, Dubái",2470.00
"Jeddah, Aqaba, Safaga, Jeddah",2460.00
"Miami, Nassau, Labadee, Falmouth, Jamaica, Miami",2450.00
"Kusadasi, Estambul, Volos, Míkonos, Rodi, Santorini",2450.00
"Navigation, Myconos, Myconos, Santorin, Argostoli/Céphalonie, Bari",2444.00
"Civitavecchia (Roma), Santorini, Mykonos, Efeso, Pireo (Atene), Napoli, Civitavecchia (Roma)",2436.00
"Genova, Marsiglia, Civitavecchia (Roma), Genova",2436.00
"Ravenna, Katakolon, Pireo (Atene), Efeso, Mykonos, Santorini, Chania, Grecia, Zante, Ravenna",2380.00
"Amsterdam, Reykjavik, Reykjavik, Akureyri, Seydisfjordur, Belfast, Liverpool, Cork, Amsterdam",2364.00
"Málaga, Cadiz, Lisboa,  Alicante, Olbia, Génova, Marsella,  Málaga",2364.00
"Civitavecchia (Roma),  Dubrovnik, Corfú, Mesina, Nápoles, Livorno, Civitavecchia (Roma)",2329.00
"Bari, Kotor, Corfù, Trieste, Ancona, Kotor, Bari",2328.00
"Barcelona,  Génova, Livorno, Nápoles,  Valencia",2316.00
"Warnem�nde, Navigation, Helsinki, Tallinn, Stockholm, Navigation, Copenhague, Warnem�nde",2298.00
"Málaga, Cadiz, Lisboa,  Funchal, Santa Cruz de Tenerife, Las Palmas, Arrecife,  Gibraltar, Málaga",2270.00
"Pireo (Atene), Kusadasi, Haifa, Limassol, Rodi, Messina, Napoli, Civitavecchia (Roma), Genova",2250.00
"Kiel, Bergen, Flam, Stavanger, Kiel",2230.00
"IJmuiden, Paesi Bassi, IJmuiden, Paesi Bassi, Zeebrugge, Dover, Le Havre, La Coruna, Vigo, Lisbona, Cadice, Malaga, Palma di Maiorca, Barcellona, Marsiglia, Savona",2200.00
"IJmuiden, Paesi Bassi, Rotterdam, Paesi Bassi, Zeebrugge, Dover, Southampton, La Coruna, Vigo, Lisbona, Cadice, Malaga, Palma di Maiorca, Barcellona, Marsiglia, Savona",2200.00
"Kiel, Copenhague, Oslo, Kristiansand,  Flam,  Kiel",2196.00
"Trieste, Spalato, Kotor, Katakolon, Argostoli/Cefalonia, Grecia, Corfù, Bari, Trieste",2182.00
"Bari, Venezia, Zadar, Croatia, Kotor, Corfù, Zante, Bari",2170.00
"Ancona, Zadar, Croatia, Bari, Kotor, Corfù, Trieste, Ancona",2165.00
"Copenhague, Oslo, Oslo, Kristiansand,  Gothenburg, Copenhague",2155.00
"Trieste, Ancone, Zadar, Croatie, Bari, Corfou, Kotor, Navigation, Trieste",2148.00
"Kiel, Bergen, Alesund, Stavanger, Kiel",2148.00
"Civitavecchia (Roma), Palermo, Atene, Haifa, Salalah, Muscat, Abu Dhabi, Dubai",2146.00
"Barcelone, Cannes, Gênes, La Spezia, Civitavecchia (Rome), Navigation, Palma de Majorque, Barcelone",2138.00
"Estambul,  Corfú, Bari, Trieste,  Katákolon, Kusadasi, Estambul",2130.90
"Brindisi, Trieste, Dubrovnik, Argostoli/Cefalonia, Grecia, Katakolon, Corfù, Brindisi",2118.00
"Stoccolma, Klaipeda, Lithuania, Riga, Helsinki, Tallin, Visby, Stoccolma",2110.00
"Palermo, La Valeta,  Barcelona, Marsella, Génova, Civitavecchia (Roma), Palermo",2099.00
"Kusadasi, Heraklion, Santorini, Santorini, Míkonos, Míkonos, Kusadasi",2080.00
"Miami, Oranjestad (Aruba), Willemstad (Curaçao), St. Thomas, San Juan, Great Stirrup Cay, Miami",2077.00
"Trieste,  Katákolon, Kusadasi, Estambul,  Corfú, Bari, Trieste",2072.00
"Civitavecchia (Roma), Napoli, Santorini, Heraklion, Kusadasi, Pireo (Atene), Nafplion, Argostoli/Cefalonia, Grecia, Corfù, Kotor, Trieste, Trieste",2060.00
" Siracusa, Palermo,  Alicante, Gibraltar,  Arrecife,       Salvador Bahia,  Rio de Janeiro,   Montevideo, Buenos Aires",2035.00
"Civitavecchia (Roma), Napoli, Santorini, Efeso, Mykonos, Rodi, Chania, Grecia, Civitavecchia (Roma)",2032.00
"Savona, Marsiglia, Barcellona, Cadice, Lisbona, Leixoes, Le Havre, Zeebrugge, IJmuiden, Paesi Bassi",2030.00
"Venezia, Spalato, Barcellona, Alicante, Malaga, Funchal, Salvador Bahia, Rio de Janeiro, Santos",1980.00
"Málaga, Cadiz, Lisboa,  Santa Cruz de la Palma, Santa Cruz de Tenerife, Las Palmas, Arrecife,  Gibraltar, Málaga",1975.00
"Estocolmo,  Klaipeda, Lithuania, Riga, Helsinki, Tallin, Visby, Estocolmo",1968.00
"Genova, Livorno, Napoli, Valencia, Marsiglia, Genova",1946.00
"Barcelona, Génova,  Barcelona",1944.00
"Kiel, Copenhagen, Kristiansand, Cherbourg, Vigo, Cadice, Barcellona, Marsiglia, Savona",1940.00
"Civitavecchia (Roma), Palermo, La Valletta, Santorini, Rodi, Kusadasi, Istanbul, Mykonos, Pireo (Atene)",1935.00
"Civitavecchia (Roma), Genova, Marsiglia, Barcellona, Cagliari, Napoli, Civitavecchia (Roma)",1934.00
"Miami,  Ocho Ríos,  Cartagena de Indias, Colón, Puerto Limón,   Miami",1930.00
"Savona, Marsiglia, Tangeri, Casablanca, Casablanca, Cadice, Lisbona, Valencia, Savona",1928.00
"Trieste, Kotor, Corfù, Santorini, Mykonos, Zadar, Croatia, Trieste",1922.00
"Dover, Stavanger, Scenic Cruising Sognefjord, Skjolden, Alesund, Molde, Olden, Bergen, Dover",1902.00
"Barcelona, Ajaccio, Nápoles, Civitavecchia (Roma), Livorno, Cannes, Palma de Mallorca, Barcelona",1890.00
"Genova, Marsiglia, Barcellona, Civitavecchia (Roma), Genova",1889.00
"Ancona, Spalato, Bari, Kotor, Corfù, Trieste, Ancona",1888.00
"Buenos Aires,   Ilhabela, Santos, Rio de Janeiro,   Recife,      Santa Cruz de la Palma,  Cadiz,  Barcelona, Palma de Mallorca,  Palermo, Siracusa,  Venecia",1864.00
"Rio de Janeiro,  Salvador Bahia, Maceió, Recife,      Santa Cruz de Tenerife,  Cadiz,  Barcelona",1818.00
"Genova, Barcellona, Cannes, Genova",1816.00
"Kiel, Copenhagen, Southampton, Ferrol, Spagna, Lisbona, Cadice, Malaga, Barcellona, Genova",1809.00
"Messina, La Valletta, Barcellona, Marsiglia, Genova",1777.00
"Barcelona, Marsella, Savona,  Barcelona",1769.00
"Port Canaveral, USA, Costa Maya, Belize City, Cozumel, Port Canaveral, USA",1750.00
"Venezia, Zadar, Croatia, Kotor, Corfù, Zante, Bari, Venezia",1750.00
"Miami, Freeport, Miami",1699.00
"Miami, Navigation, San Juan, San Juan, Charlotte Amalie, Navigation, Miami",1698.00
"Brindisi, Spalato, Trieste, Dubrovnik, Kotor, Argostoli/Cefalonia, Grecia, Corfù, Brindisi",1698.00
"Buenos Aires,   Ilhabela,  Punta del Este, Buenos Aires",1690.00
"Guadeloupe, Navigation, Aruba, Curaçao, Antilles Néerlandaises, Grenade, Martinique, Guadeloupe, Sainte Lucie, Barbade, Navigation, Navigation, Navigation, Navigation, Navigation, Navigation, Santa Cruz de Tenerife, Navigation, Navigation, Barcelone, Marseille",1684.00
"Southampton, Kristiansand, Copenhagen, Oslo, Southampton",1680.00
"Ravenna, Katakolon, Mykonos, Santorini, Spalato, Ravenna",1670.00
"Santa Cruz de Tenerife, Las Palmas, Arrecife,  Gibraltar, Málaga, Cadiz, Lisboa,  Funchal, Santa Cruz de Tenerife",1662.00
"Le Havre, Southampton, Amburgo, Zeebrugge, Rotterdam, Paesi Bassi, Le Havre",1650.00
"Copenhagen, Oslo, Oslo, Kristiansand, Aarhus, Copenhagen",1643.00
"Fort Lauderdale, Nassau, Falmouth, Jamaica, Labadee, Fort Lauderdale",1640.00
"Barcelone, Marseille, Gênes, Naples, Messine, La Valette, Navigation, Barcelone",1631.00
"Civitavecchia (Roma), Santorini, Mykonos, Napoli, Civitavecchia (Roma)",1620.00
"Santos, Copacabana, Copacabana,  Maceió, Salvador Bahia,  Buzios, Santos",1610.00
"Le Havre, Southampton, Amburgo, Zeebrugge, Cherbourg, Le Havre",1600.00
"Marseille, Savone, La Spezia, Civitavecchia (Rome), Navigation, Palma de Majorque, Valence, Marseille",1596.00
"Southampton, Bergen, Skjolden, Olden, Stavanger, Southampton",1570.00
"Barcelona, Palma de Mallorca,  Génova, Marsella,  Málaga",1552.00
"Marseille, Gênes, Livourne, Naples, Navigation, Valence, Barcelone, Marseille",1498.00
"Savona, Marsiglia, Barcellona, Cadice, Lisbona, Ponta Delgada, Funchal, Malaga, Savona",1495.00
" Port Said, Asdod, Limasol, Rodi, Kusadasi",1459.00
"Trieste, Kotor, Corfù, Dubrovnik, Spalato, Trieste",1436.00
"Bari,  Katákolon, Heraklion, Santorini,  Bari",1426.00
"Savona, Marsiglia, Barcellona, Casablanca, Ponta Delgada, Ponta Delgada, Malaga, Savona",1410.00
"Cannes, Gênes, La Spezia, Civitavecchia (Rome), Navigation, Palma de Majorque, Barcelone, Cannes",1398.00
"Palma de Mallorca,  Palermo, Civitavecchia (Roma), Savona, Marsella, Barcelona, Palma de Mallorca",1396.00
"Santos, Rio de Janeiro, Salvador Bahia, Maceio, Recife, Santa Cruz de Tenerife, Cadice, Barcellona, Marsiglia, Savona",1390.00
"Bari, Venezia, Spalato, Kotor, Katakolon, Atene, Bari",1380.00
"Copenhagen, Stoccolma, Stoccolma, Visby, Copenhagen",1364.00
"Amburgo, Cherbourg, Rotterdam, Paesi Bassi, Zeebrugge, Le Havre, Southampton, Amburgo",1318.00
"Santorini, Míkonos, Corfú,  Nápoles, Livorno, Cannes, Barcelona,  Cadiz, Lisboa",1288.00
"Zeebrugge, Rotterdam, Holand, Le Havre, Southampton,  Hamburgo,  Zeebrugge",1287.00
"Buenos Aires,   Rio de Janeiro, Rio de Janeiro, Ilhabela,  Montevideo, Buenos Aires",1258.00
"Ravenna, Ravenna, Kotor, Messina, Napoli, Portofino, Livorno, Civitavecchia (Roma)",1230.00
"Abu Dhabi, Muscat, Salalah, Heraklion, Atene, Palermo, Napoli",1228.00
"Barcellona, Genova, Livorno, Napoli, Valencia",1221.00
"Gênes, Livourne, Naples, Navigation, Valence, Barcelone, Navigation, Gênes",1164.00
"Barcelona,  Casablanca,  Santa Cruz de Tenerife, Funchal,  Málaga,  Marsella, Génova",1146.00
"Buenos Aires,   Rio de Janeiro, Cabo Frío, Ilhabela,  Montevideo, Buenos Aires",1137.00
"Bari, Catania, La Valletta, Napoli",1136.00
"Marseille, Savone, Civitavecchia (Rome), Naples, Navigation, Barcelone, Valence, Marseille",1078.00
"Le Havre, Southampton,  Hamburgo,  Rotterdam, Holand, Rotterdam, Holand, Le Havre",1058.00
"Bari, Venezia, Spalato, Bari",1050.00
"Palma de Mallorca, Barcelona, Marsella, Génova, La Spezia, Nápoles,  Palma de Mallorca",1020.00
"Trieste, Zadar, Croatia, Bari,  Esmirna, Estambul, Estambul,  Corfú,  Trieste",1014.00
"Ravenna, Ravenna, Messina, Civitavecchia (Roma), Livorno, Cannes, Barcellona",978.00
"Marseille, Barcelone, Valence, Navigation, Palermo, Civitavecchia (Rome), Savone, Marseille",964.00
"Trieste, Ancona, Spalato, Bari, Kotor, Corfù, Trieste",940.00
"Venezia, Kotor, Mykonos, Mykonos, Santorini, Bari",940.00
"Civitavecchia (Roma), Palma di Maiorca, Barcellona, Genova, Civitavecchia (Roma)",918.00
"Livorno, Napoli, Valencia, Barcellona, Marsiglia, Genova, Livorno",918.00
"Abu Dhabi, Dubai, Dubai, Muscat, Muscat, Abu Dhabi, Abu Dhabi",822.00
"Savona, Marsiglia, Savona",750.00
"Venezia, Zadar, Croatia, Venezia",750.00
"Barcelona,  Génova, Barcelona",690.00
"Genova, Valencia, Marsiglia, Genova, Civitavecchia (Roma)",657.00
"Dubaï, Dubaï, Abou Dabi, Navigation, Doha, Dubaï, Dubaï",419.00
"Barcelona,  Génova, Marsella, Barcelona",358.00